,01/09/09,01/10/09,01/11/09,01/12/09,01/01/10,01/02/10,01/03/10,01/04/10,01/05/10,01/06/10,01/07/10,01/08/10,01/09/10,01/10/10,01/11/10,01/12/10,01/01/11,01/02/11,01/03/11,01/04/11,01/05/11,01/06/11,01/07/11,01/08/11,01/09/11,01/10/11,01/11/11,01/12/11,01/01/12,01/02/12,01/03/12,01/04/12,01/05/12,01/06/12,01/07/12,01/08/12,01/09/12,01/10/12,01/11/12,01/12/12,01/01/13,01/02/13,01/03/13,01/04/13,01/05/13,01/06/13,01/07/13,01/08/13,01/09/13,01/10/13,01/11/13,01/12/13,01/01/14,01/02/14,01/03/14,01/04/14,01/05/14,01/06/14,01/07/14,01/08/14,01/09/14,01/10/14,01/11/14,01/12/14,01/01/15,01/02/15,01/03/15,01/04/15,01/05/15,01/06/15,01/07/15,01/08/15,01/09/15,01/10/15,01/11/15,01/12/15,01/01/16,01/02/16,01/03/16,01/04/16,01/05/16,01/06/16,01/07/16,01/08/16,01/09/16,01/10/16,01/11/16,01/12/16,01/01/17,01/02/17,01/03/17,01/04/17,01/05/17,01/06/17,01/07/17,01/08/17,01/09/17,01/10/17,01/11/17,01/12/17,01/01/18,01/02/18,01/03/18,01/04/18,01/05/18,01/06/18,01/07/18,01/08/18,01/09/18,01/10/18,01/11/18,01/12/18,01/01/19,01/02/19,01/03/19,01/04/19,01/05/19,01/06/19,01/07/19,01/08/19,01/09/19,01/10/19,01/11/19,01/12/19,01/01/20,01/02/20,01/03/20,01/04/20,01/05/20,01/06/20,01/07/20,01/08/20,01/09/20,01/10/20,01/11/20,01/12/20,01/01/21,01/02/21,01/03/21,01/04/21,01/05/21,01/06/21,01/07/21,01/08/21,01/09/21,01/10/21,01/11/21,01/12/21,01/01/22,01/02/22,01/03/22,01/04/22,01/05/22,01/06/22,01/07/22
,,,,,,,,,,,,,,,,,,,,,,,,,,,,,,,,,,,,,,,,,,,,,,,,,,,,,,,,,,,,,,,,,,,,,,,,,,,,,,,,,,,,,,,,,,,,,,,,,,,,,,,,,,,,,,,,,,,,,,,,,,,,,,,,,,,,,,,,,,,,,,,,,,,,,,,,,,,
Total,"11,54,679","11,60,629","11,64,502","11,62,911","11,66,193","11,67,028","11,68,750","11,66,251","11,64,236","11,63,676","11,61,598","11,63,422","11,64,638","11,66,203","11,66,199","11,61,776","11,61,866","11,61,051","11,58,920","11,50,291","11,47,478","11,45,036","11,41,431","11,40,728","11,41,323","11,42,268","11,40,700","11,37,069","11,39,176","11,29,528","11,28,140","11,26,797","11,18,085","11,15,605","11,19,486","11,15,542","11,17,038","11,20,204","11,21,612","11,19,453","11,23,204","11,24,652","11,23,529","11,03,934","11,01,661","11,01,605","11,04,212","11,04,012","11,11,101","11,14,017","11,17,650","11,17,143","11,23,165","11,24,857","11,26,947","11,26,073","11,23,630","11,23,725","11,23,334","11,23,331","11,31,680","11,34,435","11,36,759","11,35,421","11,39,285","11,40,901","11,43,102","11,41,920","11,39,466","11,41,390","11,42,585","11,42,147","11,51,138","11,56,066","11,60,672","11,56,662","11,61,884","11,64,546","11,64,471","11,63,873","11,65,524","11,64,996","11,66,222","11,69,416","11,75,668","11,81,396","11,83,493","11,77,369","11,84,881","11,85,776","11,87,125","11,86,420","11,86,298","11,85,599","11,87,298","11,86,521","11,93,107","12,00,538","12,02,806","11,98,238","12,05,949","12,05,814","12,05,246","12,05,954","12,04,035","12,03,610","12,07,586","12,09,678","12,16,719","12,26,573","12,29,618","12,26,362","12,33,963","12,36,537","12,38,061","12,41,326","12,39,631","12,40,879","12,45,087","12,45,567","12,56,637","12,64,403","12,69,277","12,68,258","12,75,883","12,80,023","12,87,028","12,98,642","13,07,191","13,16,434","13,17,107","13,08,175","13,09,770","13,12,538","13,20,014","13,19,010","13,27,892","13,39,407","13,48,499","13,46,439","13,44,679","13,46,377","13,46,198","13,48,961","13,55,780","13,59,015","13,66,205","13,62,335","13,70,991","13,74,405","13,77,387","13,73,046","13,76,190","13,76,809","13,77,248"
,,,,,,,,,,,,,,,,,,,,,,,,,,,,,,,,,,,,,,,,,,,,,,,,,,,,,,,,,,,,,,,,,,,,,,,,,,,,,,,,,,,,,,,,,,,,,,,,,,,,,,,,,,,,,,,,,,,,,,,,,,,,,,,,,,,,,,,,,,,,,,,,,,,,,,,,,,,
Professionally qualified clinical staff,"5,95,538","5,99,742","6,01,132","5,99,975","6,00,694","6,01,399","6,01,978","6,00,554","5,99,842","5,99,392","5,98,756","6,01,301","6,03,108","6,06,002","6,06,821","6,05,221","6,06,003","6,06,317","6,05,924","6,03,463","6,02,123","6,00,997","6,00,444","6,01,377","6,02,792","6,04,835","6,04,262","6,02,982","6,04,110","5,99,479","5,99,196","5,99,382","5,93,934","5,92,506","5,96,268","5,93,281","5,94,749","5,98,466","5,99,058","5,97,815","5,99,065","5,99,735","5,99,504","5,98,502","5,96,864","5,96,206","5,97,879","5,98,273","6,01,645","6,05,711","6,07,701","6,06,686","6,08,926","6,09,305","6,09,692","6,08,188","6,06,411","6,05,023","6,05,521","6,06,203","6,09,995","6,13,710","6,14,913","6,13,614","6,14,527","6,14,728","6,15,328","6,14,407","6,12,286","6,11,942","6,12,783","6,12,691","6,16,766","6,21,817","6,23,574","6,21,065","6,22,366","6,23,314","6,22,717","6,22,277","6,21,187","6,20,012","6,20,699","6,23,091","6,26,821","6,32,049","6,32,780","6,29,084","6,31,623","6,31,952","6,32,136","6,31,149","6,29,884","6,28,490","6,29,355","6,30,787","6,35,751","6,41,915","6,42,415","6,39,620","6,42,028","6,41,492","6,40,997","6,40,503","6,39,100","6,38,055","6,40,047","6,41,546","6,46,246","6,53,947","6,54,514","6,52,040","6,54,114","6,54,911","6,55,313","6,49,845","6,48,274","6,47,844","6,49,519","6,51,490","6,58,253","6,64,743","6,67,332","6,66,494","6,69,048","6,70,788","6,74,163","6,76,465","6,77,895","6,78,913","6,78,533","6,80,437","6,86,908","6,90,436","6,93,610","6,92,466","6,95,189","6,97,342","7,00,140","6,98,750","6,98,144","6,97,769","6,98,409","7,01,238","7,07,032","7,11,493","7,14,868","7,13,645","7,16,663","7,18,244","7,19,291","7,15,891","7,16,258","7,15,374","7,14,855"
,,,,,,,,,,,,,,,,,,,,,,,,,,,,,,,,,,,,,,,,,,,,,,,,,,,,,,,,,,,,,,,,,,,,,,,,,,,,,,,,,,,,,,,,,,,,,,,,,,,,,,,,,,,,,,,,,,,,,,,,,,,,,,,,,,,,,,,,,,,,,,,,,,,,,,,,,,,
HCHS doctors,"1,02,172","1,02,400","1,02,616","1,02,501","1,02,324","1,02,537","1,02,422","1,01,203","1,01,642","1,01,445","1,01,808","1,04,137","1,03,865","1,03,928","1,04,189","1,03,857","1,03,937","1,03,981","1,03,898","1,03,490","1,03,216","1,03,018","1,03,759","1,05,619","1,05,207","1,05,564","1,05,435","1,05,220","1,05,355","1,05,373","1,05,019","1,04,901","1,04,402","1,04,147","1,08,293","1,06,689","1,06,150","1,06,521","1,06,488","1,06,422","1,06,385","1,06,451","1,06,151","1,05,435","1,04,942","1,04,555","1,06,201","1,07,948","1,07,639","1,08,063","1,07,970","1,07,929","1,08,069","1,08,068","1,07,896","1,07,426","1,07,075","1,06,867","1,08,622","1,09,963","1,09,944","1,10,140","1,10,062","1,10,063","1,10,038","1,09,886","1,09,890","1,09,838","1,09,508","1,09,279","1,11,170","1,11,616","1,11,127","1,11,399","1,11,508","1,11,234","1,11,158","1,10,944","1,10,732","1,10,602","1,10,236","1,10,084","1,11,524","1,13,376","1,12,875","1,13,278","1,13,270","1,12,920","1,13,111","1,13,615","1,13,508","1,13,651","1,13,528","1,13,192","1,14,653","1,16,412","1,16,040","1,16,743","1,16,845","1,16,675","1,16,783","1,16,873","1,16,605","1,16,759","1,16,423","1,16,191","1,17,949","1,19,809","1,18,510","1,19,654","1,19,855","1,19,621","1,19,387","1,19,651","1,19,597","1,19,888","1,19,530","1,19,449","1,20,378","1,22,797","1,23,614","1,24,507","1,24,914","1,24,961","1,25,118","1,25,380","1,26,286","1,27,610","1,28,776","1,28,695","1,28,134","1,28,608","1,29,972","1,30,785","1,31,459","1,31,621","1,31,825","1,31,740","1,32,113","1,32,029","1,31,831","1,31,817","1,32,445","1,34,362","1,35,341","1,35,821","1,36,297","1,36,147","1,36,248","1,36,235","1,36,597","1,36,331","1,36,393","1,36,217","1,36,268"
Consultant,"36,932","37,061","37,283","37,310","37,485","37,634","37,836","37,847","37,866","38,011","38,015","38,286","38,507","38,618","38,760","38,721","38,870","38,988","39,135","39,177","39,242","39,266","39,335","39,580","39,758","39,905","39,987","40,005","40,204","40,315","40,353","40,403","40,427","40,419","40,528","40,763","40,997","41,173","41,275","41,296","41,419","41,578","41,682","41,390","41,359","41,378","41,421","41,765","42,125","42,150","42,295","42,339","42,527","42,748","42,863","42,786","42,886","42,930","42,893","43,177","43,602","43,745","43,901","43,918","44,125","44,289","44,500","44,557","44,570","44,629","44,638","44,971","45,349","45,498","45,673","45,655","45,860","46,058","46,159","46,166","46,236","46,265","46,205","46,564","46,955","47,137","47,312","47,255","47,507","47,678","47,816","47,873","47,955","47,984","48,047","48,238","48,607","48,816","48,930","48,947","49,134","49,360","49,494","49,591","49,548","49,558","49,597","49,836","50,275","50,524","50,692","50,655","50,837","50,957","51,043","51,164","51,200","51,254","51,271","51,549","52,053","52,248","52,469","52,483","52,701","52,858","53,232","53,477","53,546","53,598","53,631","53,869","54,218","54,351","54,555","54,551","54,764","54,955","55,191","55,180","55,243","55,309","55,254","55,595","55,946","56,081","56,326","56,260","56,479","56,663","56,877","56,753","56,926","56,948","56,932"
Associate Specialist,"3,770","3,758","3,729","3,752","3,717","3,697","3,707","3,725","3,742","3,759","3,756","3,773","3,758","3,769","3,785","3,785","3,777","3,784","3,790","3,756","3,753","3,732","3,742","3,727","3,730","3,710","3,705","3,697","3,682","3,649","3,638","3,599","3,556","3,543","3,548","3,519","3,479","3,464","3,450","3,439","3,412","3,400","3,384","3,346","3,305","3,290","3,264","3,244","3,218","3,193","3,171","3,157","3,136","3,109","3,112","3,074","3,045","3,028","2,995","2,977","2,967","2,953","2,940","2,923","2,897","2,884","2,859","2,836","2,816","2,799","2,771","2,753","2,727","2,708","2,695","2,675","2,657","2,639","2,621","2,577","2,564","2,556","2,539","2,507","2,483","2,460","2,447","2,449","2,428","2,419","2,415","2,401","2,397","2,381","2,363","2,351","2,337","2,321","2,312","2,296","2,286","2,280","2,264","2,247","2,237","2,230","2,228","2,216","2,215","2,214","2,207","2,202","2,138","2,148","2,148","2,168","2,169","2,129","2,125","2,127","2,137","2,144","2,139","2,134","2,133","2,142","2,167","2,134","2,142","2,141","2,137","2,128","2,126","2,132","2,136","2,142","2,139","2,142","2,151","2,148","2,135","2,130","2,123","2,124","2,154","2,159","2,179","2,185","2,193","2,219","2,232","2,211","2,240","2,251","2,266"
Specialty doctor,"3,974","4,088","4,235","4,270","4,366","4,421","4,465","4,607","4,705","4,793","4,813","4,991","5,053","5,119","5,249","5,320","5,430","5,471","5,530","5,603","5,675","5,729","5,741","5,811","5,866","5,949","5,984","5,966","6,053","6,079","6,107","6,164","6,152","6,156","6,132","6,276","6,301","6,394","6,431","6,435","6,463","6,493","6,519","6,579","6,592","6,619","6,579","6,544","6,578","6,668","6,702","6,740","6,790","6,823","6,848","6,877","6,865","6,890","6,860","6,903","6,985","7,031","7,069","7,083","7,101","7,088","7,158","7,161","7,166","7,165","7,138","7,134","7,156","7,168","7,196","7,219","7,216","7,245","7,280","7,300","7,286","7,288","7,273","7,305","7,337","7,359","7,441","7,430","7,453","7,524","7,550","7,577","7,589","7,596","7,619","7,601","7,637","7,707","7,753","7,747","7,833","7,860","7,833","7,878","7,885","7,893","7,900","7,904","7,933","8,021","8,083","8,089","8,101","8,167","8,203","8,262","8,267","8,309","8,308","8,303","8,395","8,476","8,542","8,572","8,613","8,648","8,701","8,648","8,589","8,585","8,587","8,559","8,648","8,744","8,853","8,874","8,919","8,931","8,959","8,962","9,012","9,032","8,992","8,970","9,045","9,074","9,139","9,167","9,197","9,189","9,222","9,239","9,275","9,276","9,216"
Staff Grade,"2,440","2,356","2,286","2,234","2,176","2,130","2,075","1,940","1,811","1,717","1,627","1,512","1,421","1,327","1,267","1,201","1,155","1,091","1,049","1,007",966,938,910,880,854,817,800,787,752,717,700,676,659,651,643,626,616,612,591,593,584,571,565,561,540,524,513,503,502,488,486,480,480,471,467,460,453,455,456,449,449,446,446,429,427,416,411,399,393,389,376,371,478,479,485,478,471,468,466,466,464,451,451,453,455,454,452,447,451,458,461,459,449,451,445,449,432,428,424,422,413,407,394,389,385,375,373,363,375,369,361,320,315,313,313,307,309,346,353,370,370,371,366,368,368,365,366,350,344,341,340,346,344,339,346,341,336,326,331,334,334,344,347,352,358,360,362,358,371,373,372,364,362,355,349
Specialty Registrar,"30,128","30,113","29,911","29,779","29,511","29,545","29,332","28,278","28,743","28,476","28,167","29,962","29,763","29,679","29,672","29,331","29,311","29,281","29,063","28,804","28,591","28,435","28,036","30,127","29,857","29,996","29,725","29,638","29,584","29,730","29,438","29,295","29,039","28,879","28,656","30,519","29,981","30,077","29,949","29,776","29,721","29,845","29,568","29,313","28,976","28,689","28,520","30,995","30,581","30,910","30,703","30,572","30,538","30,443","30,201","29,831","29,530","29,345","29,025","31,634","31,237","31,224","30,978","30,879","30,718","30,666","30,434","30,339","30,131","29,901","29,650","31,435","30,569","30,659","30,523","30,279","30,095","29,966","29,753","29,667","29,426","29,302","28,889","31,546","30,999","31,194","30,948","30,700","30,659","31,185","31,048","31,190","31,069","30,714","30,402","32,393","31,714","31,811","31,566","31,410","31,245","31,186","30,837","30,769","30,538","30,348","30,021","32,530","31,666","32,143","31,954","31,646","31,271","31,418","31,162","31,140","30,856","30,722","30,394","32,620","32,545","33,009","32,964","32,872","32,692","32,643","32,687","32,556","32,294","32,123","31,677","33,837","34,241","34,558","34,483","34,435","34,342","34,263","34,223","34,240","33,966","33,909","33,393","34,951","35,142","35,204","35,091","34,815","34,648","34,492","34,403","34,198","34,012","33,799","33,307"
Core Training,"7,515","7,586","7,689","7,644","7,627","7,680","7,642","7,478","7,578","7,514","7,391","8,311","8,284","8,303","8,359","8,400","8,367","8,371","8,392","8,380","8,345","8,300","8,224","8,732","8,556","8,572","8,635","8,554","8,538","8,479","8,433","8,508","8,440","8,418","8,321","8,931","8,793","8,811","8,814","8,824","8,805","8,628","8,544","8,553","8,517","8,431","8,370","8,997","8,795","8,839","8,808","8,822","8,789","8,661","8,592","8,547","8,511","8,452","8,335","8,949","8,873","8,903","8,872","8,924","8,921","8,749","8,712","8,769","8,698","8,636","8,508","9,067","9,046","9,069","9,085","9,073","9,033","8,815","8,715","8,644","8,591","8,526","8,402","9,367","9,128","9,126","9,099","9,061","9,020","8,781","8,641","8,558","8,511","8,551","8,397","9,871","9,908","10,173","10,283","10,320","10,344","10,310","10,297","10,359","10,311","10,296","10,140","11,315","11,426","11,697","11,802","12,016","12,012","11,923","11,975","12,070","12,058","12,063","11,897","13,049","13,297","13,509","13,629","13,725","13,818","13,835","13,978","14,006","13,983","13,906","13,477","14,870","15,261","15,507","15,787","15,895","15,908","15,785","15,812","15,812","15,800","15,706","15,110","16,888","17,153","17,351","17,559","17,821","17,862","17,825","17,941","18,008","18,064","18,049","17,466"
Foundation doctor Year 2,"6,190","6,182","6,202","6,248","6,231","6,236","6,228","6,263","6,224","6,224","6,196","6,512","6,394","6,396","6,397","6,447","6,431","6,439","6,432","6,413","6,348","6,335","6,334","6,610","6,458","6,463","6,457","6,472","6,488","6,514","6,495","6,508","6,468","6,450","6,438","6,609","6,482","6,509","6,524","6,576","6,559","6,538","6,535","6,557","6,513","6,491","6,476","6,660","6,491","6,500","6,502","6,522","6,530","6,518","6,513","6,508","6,474","6,471","6,458","6,768","6,648","6,625","6,633","6,673","6,653","6,628","6,626","6,608","6,580","6,583","6,554","6,857","6,626","6,636","6,662","6,700","6,680","6,657","6,658","6,655","6,632","6,618","6,567","6,748","6,593","6,601","6,605","6,627","6,639","6,621","6,601","6,610","6,591","6,588","6,512","6,787","6,558","6,601","6,631","6,604","6,611","6,568","6,570","6,608","6,584","6,541","6,515","6,766","5,560","5,597","5,633","5,551","5,537","5,552","5,541","5,670","5,613","5,590","5,509","5,752","5,678","5,646","5,681","5,721","5,716","5,790","5,825","5,974","5,971","6,107","6,058","6,171","6,171","6,162","6,194","6,296","6,278","6,207","6,282","6,245","6,228","6,270","6,207","6,345","6,292","6,320","6,352","6,346","6,306","6,326","6,347","6,386","6,377","6,383","6,290"
Foundation doctor Year 1,"6,121","6,158","6,162","6,185","6,177","6,195","6,185","6,182","6,173","6,165","7,140","6,209","6,180","6,188","6,193","6,195","6,195","6,198","6,195","6,185","6,182","6,177","7,398","6,244","6,193","6,220","6,212","6,216","6,213","6,205","6,205","6,217","6,196","6,188","10,648","6,190","6,180","6,206","6,199","6,226","6,205","6,204","6,192","6,207","6,201","6,197","8,134","6,505","6,413","6,423","6,411","6,390","6,356","6,384","6,384","6,400","6,382","6,381","8,707","6,302","6,310","6,311","6,327","6,349","6,339","6,349","6,337","6,343","6,317","6,334","8,747","6,464","6,391","6,383","6,377","6,372","6,360","6,363","6,358","6,374","6,355","6,347","8,486","6,254","6,217","6,238","6,239","6,223","6,167","6,182","6,218","6,229","6,221","6,175","8,125","6,216","6,163","6,165","6,175","6,177","6,175","6,173","6,182","6,181","6,176","6,180","8,428","6,424","6,294","6,312","6,316","6,303","6,272","6,285","6,299","6,291","6,279","6,276","7,802","6,501","6,482","6,485","6,494","6,451","6,459","6,480","6,676","7,825","9,277","9,353","9,688","6,435","6,424","6,441","6,487","6,484","6,510","6,517","6,511","6,475","6,462","6,467","8,374","6,673","6,658","6,645","6,636","6,560","6,590","6,580","6,608","6,595","6,598","6,580","7,917"
Hospital Practitioner / Clinical Assistant,"3,753","3,729","3,738","3,684","3,646","3,634","3,599","3,522","3,464","3,449","3,386","3,336","3,237","3,227","3,203","3,170","3,129","3,099","3,052","2,915","2,861","2,839","2,790","2,771","2,707","2,667","2,654","2,602","2,570","2,498","2,466","2,418","2,372","2,342","2,299","2,274","2,239","2,224","2,185","2,182","2,143","2,151","2,112","1,940","1,934","1,946","1,922","1,913","1,942","1,905","1,904","1,906","1,917","1,907","1,912","1,915","1,903","1,881","1,863","1,852","1,817","1,836","1,827","1,826","1,812","1,798","1,817","1,794","1,795","1,796","1,767","1,763","1,762","1,760","1,749","1,744","1,771","1,745","1,732","1,754","1,678","1,724","1,694","1,710","1,748","1,726","1,707","1,705","1,709","1,698","1,710","1,708","1,705","1,721","1,729","1,734","1,722","1,727","1,740","1,751","1,765","1,757","1,747","1,714","1,722","1,712","1,702","1,716","1,727","1,729","1,750","1,747","1,764","1,763","1,774","1,763","1,746","1,740","1,690","1,690","1,684","1,636","1,650","1,664","1,658","1,654","1,666","1,654","1,643","1,617","1,615","1,639","1,661","1,657","1,669","1,663","1,673","1,692","1,705","1,670","1,671","1,682","1,683","1,689","1,698","1,688","1,685","1,677","1,671","1,666","1,679","1,647","1,644","1,656","1,631"
Other and Local HCHS doctor Grades,"1,981","1,998","2,004","1,994","1,990","1,978","1,965","1,968","1,945","1,927","1,907","1,875","1,850","1,855","1,862","1,851","1,840","1,847","1,837","1,799","1,775","1,781","1,762","1,787","1,743","1,753","1,763","1,763","1,767","1,671","1,665","1,637","1,575","1,568","1,554","1,555","1,523","1,507","1,502","1,513","1,508","1,510","1,505","1,439","1,435","1,416","1,418","1,431","1,428","1,420","1,412","1,403","1,424","1,434","1,433","1,442","1,434","1,430","1,418","1,427","1,447","1,448","1,457","1,440","1,432","1,422","1,413","1,416","1,406","1,400","1,385","1,382","1,407","1,416","1,416","1,400","1,383","1,361","1,352","1,361","1,354","1,354","1,349","1,340","1,328","1,337","1,368","1,358","1,408","1,410","1,385","1,383","1,386","1,379","1,366","1,320","1,349","1,362","1,372","1,331","1,324","1,317","1,320","1,372","1,373","1,377","1,381","1,368","1,394","1,408","1,381","1,382","1,453","1,448","1,440","1,367","1,358","1,340","1,358","1,334","1,376","1,363","1,348","1,330","1,326","1,335","1,368","1,366","1,351","1,299","1,291","1,298","1,313","1,316","1,336","1,334","1,343","1,329","1,321","1,335","1,325","1,329","1,328","1,342","1,346","1,355","1,367","1,361","1,353","1,353","1,352","1,334","1,309","1,312","1,283"
,,,,,,,,,,,,,,,,,,,,,,,,,,,,,,,,,,,,,,,,,,,,,,,,,,,,,,,,,,,,,,,,,,,,,,,,,,,,,,,,,,,,,,,,,,,,,,,,,,,,,,,,,,,,,,,,,,,,,,,,,,,,,,,,,,,,,,,,,,,,,,,,,,,,,,,,,,,
Nurses & health visitors,"3,15,436","3,17,736","3,18,261","3,16,957","3,17,945","3,18,408","3,18,935","3,18,731","3,18,015","3,17,657","3,16,959","3,16,033","3,16,861","3,18,606","3,18,471","3,17,110","3,17,611","3,17,511","3,17,157","3,15,958","3,15,132","3,14,436","3,13,491","3,12,174","3,13,379","3,14,257","3,13,747","3,12,577","3,13,318","3,10,075","3,10,359","3,10,563","3,07,401","3,06,599","3,05,946","3,04,476","3,05,846","3,07,953","3,08,388","3,07,496","3,08,235","3,08,599","3,08,782","3,08,781","3,08,009","3,07,841","3,07,344","3,06,008","3,08,316","3,10,652","3,12,054","3,11,211","3,12,674","3,13,289","3,14,097","3,13,701","3,13,115","3,12,427","3,11,117","3,09,845","3,12,176","3,14,606","3,15,260","3,14,407","3,15,143","3,15,606","3,16,117","3,15,643","3,14,820","3,14,553","3,13,388","3,12,190","3,14,966","3,18,516","3,19,276","3,17,669","3,18,640","3,19,175","3,18,912","3,18,804","3,18,358","3,17,428","3,16,423","3,15,499","3,18,104","3,21,085","3,21,297","3,18,845","3,19,876","3,19,678","3,19,845","3,18,796","3,17,737","3,16,725","3,15,485","3,14,368","3,17,980","3,21,393","3,21,169","3,19,355","3,20,422","3,19,965","3,19,962","3,19,183","3,18,595","3,17,884","3,17,231","3,16,303","3,20,324","3,24,513","3,24,409","3,22,724","3,23,995","3,24,596","3,24,872","3,24,800","3,24,062","3,23,954","3,23,810","3,22,810","3,26,942","3,30,725","3,31,983","3,31,517","3,32,976","3,34,282","3,36,113","3,37,359","3,37,530","3,37,604","3,37,038","3,37,347","3,40,518","3,41,879","3,43,240","3,42,270","3,44,077","3,45,759","3,47,385","3,46,781","3,46,582","3,46,802","3,47,129","3,47,386","3,50,309","3,52,826","3,54,427","3,53,956","3,56,141","3,57,426","3,58,021","3,56,202","3,56,703","3,56,346","3,56,096"
Midwives,"23,540","23,897","24,068","23,929","24,070","24,060","24,030","24,089","24,133","24,108","24,008","24,057","24,151","24,283","24,427","24,295","24,421","24,482","24,628","24,605","24,676","24,650","24,584","24,524","24,519","24,839","24,994","25,015","25,095","25,031","25,000","24,955","24,959","24,988","24,960","24,851","24,765","25,160","25,393","25,272","25,301","25,261","25,274","25,175","25,186","25,234","25,169","25,002","25,006","25,437","25,756","25,632","25,659","25,615","25,586","25,611","25,583","25,551","25,475","25,413","25,333","25,792","26,082","25,953","25,913","25,873","25,860","25,711","25,722","25,711","25,555","25,407","25,418","25,983","26,274","26,053","26,110","26,099","25,971","25,882","25,855","25,832","25,684","25,510","25,466","26,099","26,296","26,063","26,148","26,132","26,081","26,060","26,060","25,935","25,792","25,583","25,704","26,443","26,588","26,356","26,519","26,395","26,331","26,299","26,130","26,062","26,028","25,813","25,866","26,570","26,637","26,475","26,536","26,422","26,429","26,368","26,245","26,192","26,071","25,978","26,062","26,694","26,837","26,656","26,751","26,752","26,737","26,664","26,649","26,653","26,597","26,562","26,840","27,272","27,417","27,201","27,189","27,154","27,188","27,031","26,892","26,722","26,556","26,354","26,418","26,901","27,006","26,781","26,779","26,696","26,636","26,364","26,323","26,181","26,041"
Ambulance staff,"17,666","17,849","17,909","17,916","18,078","18,206","18,269","18,250","18,181","18,217","18,187","18,166","18,169","18,284","18,279","18,258","18,339","18,438","18,427","18,363","18,349","18,325","18,296","18,340","18,393","18,523","18,559","18,556","18,546","18,565","18,547","18,541","18,443","18,401","18,388","18,306","18,379","18,557","18,533","18,521","18,541","18,580","18,516","18,529","18,466","18,359","18,358","18,363","18,419","18,578","18,542","18,514","18,496","18,488","18,450","18,384","18,300","18,281","18,242","18,266","18,374","18,439","18,439","18,421","18,463","18,477","18,591","18,599","18,487","18,550","18,666","18,698","18,862","19,044","19,075","19,000","19,060","19,192","19,406","19,524","19,629","19,759","19,902","20,081","20,195","20,507","20,548","20,481","20,840","20,872","20,897","20,989","21,080","21,100","21,095","21,240","21,455","21,649","21,722","21,695","21,755","21,815","21,775","21,874","21,900","21,934","21,959","22,007","22,245","22,492","22,567","22,563","22,669","22,698","22,924","16,765","16,775","16,769","16,941","17,005","17,241","17,508","17,708","17,667","17,789","17,817","17,862","17,936","17,980","18,030","18,080","18,279","18,475","18,587","18,642","18,644","18,677","18,785","18,895","18,913","18,879","18,843","18,849","18,786","18,948","19,190","19,325","19,234","19,281","19,305","19,326","19,191","19,143","19,127","19,172"
"Scientific, therapeutic & technical staff","1,37,252","1,38,388","1,38,814","1,39,202","1,38,809","1,38,722","1,38,844","1,38,813","1,38,411","1,38,509","1,38,327","1,39,432","1,40,599","1,41,420","1,41,966","1,42,201","1,42,199","1,42,406","1,42,310","1,41,531","1,41,233","1,41,054","1,40,799","1,41,195","1,41,782","1,42,138","1,42,005","1,42,090","1,42,289","1,40,919","1,40,739","1,40,900","1,39,200","1,38,844","1,39,146","1,39,414","1,40,035","1,40,721","1,40,698","1,40,533","1,41,049","1,41,277","1,41,211","1,40,999","1,40,681","1,40,646","1,41,246","1,41,380","1,42,701","1,43,389","1,43,796","1,43,794","1,44,441","1,44,256","1,44,076","1,43,464","1,42,722","1,42,268","1,42,438","1,43,077","1,44,540","1,45,109","1,45,444","1,45,142","1,45,370","1,45,276","1,45,268","1,44,999","1,44,127","1,44,235","1,44,387","1,45,170","1,46,792","1,47,262","1,47,843","1,47,493","1,47,783","1,48,289","1,48,076","1,47,845","1,47,485","1,47,276","1,47,518","1,48,966","1,50,529","1,51,448","1,51,728","1,51,126","1,52,015","1,52,019","1,52,169","1,52,028","1,51,847","1,51,908","1,52,700","1,53,538","1,54,923","1,56,041","1,56,429","1,55,884","1,56,907","1,56,794","1,56,678","1,56,758","1,56,399","1,56,345","1,57,238","1,57,972","1,59,674","1,61,103","1,61,436","1,61,044","1,61,919","1,61,918","1,61,877","1,62,396","1,62,037","1,61,857","1,62,691","1,63,274","1,64,772","1,65,678","1,66,282","1,66,084","1,66,829","1,66,970","1,67,587","1,67,295","1,67,349","1,68,328","1,69,073","1,70,038","1,71,508","1,72,303","1,73,266","1,73,135","1,73,858","1,74,345","1,75,007","1,74,436","1,74,404","1,74,016","1,73,852","1,74,773","1,76,451","1,77,180","1,78,244","1,77,963","1,78,652","1,79,029","1,79,138","1,78,209","1,78,101","1,77,901","1,77,660"
,,,,,,,,,,,,,,,,,,,,,,,,,,,,,,,,,,,,,,,,,,,,,,,,,,,,,,,,,,,,,,,,,,,,,,,,,,,,,,,,,,,,,,,,,,,,,,,,,,,,,,,,,,,,,,,,,,,,,,,,,,,,,,,,,,,,,,,,,,,,,,,,,,,,,,,,,,,
Support to clinical staff,"3,41,282","3,42,129","3,43,043","3,42,664","3,44,479","3,45,371","3,45,673","3,45,405","3,44,982","3,45,217","3,45,117","3,44,888","3,45,328","3,44,736","3,44,363","3,42,824","3,43,521","3,43,288","3,42,401","3,39,153","3,38,572","3,38,134","3,36,106","3,35,143","3,34,787","3,34,085","3,33,529","3,31,636","3,32,587","3,29,447","3,28,610","3,28,424","3,26,531","3,25,883","3,26,068","3,25,166","3,25,251","3,25,646","3,26,085","3,25,738","3,27,348","3,27,781","3,27,717","3,27,433","3,27,129","3,27,657","3,28,281","3,28,053","3,30,407","3,29,362","3,30,510","3,30,631","3,33,510","3,34,798","3,36,183","3,37,051","3,36,864","3,37,722","3,38,205","3,37,684","3,40,720","3,39,660","3,40,678","3,40,635","3,43,160","3,44,080","3,45,084","3,44,863","3,44,941","3,46,677","3,46,979","3,46,991","3,50,053","3,50,072","3,51,906","3,50,634","3,53,628","3,55,820","3,56,208","3,56,256","3,56,868","3,57,673","3,58,179","3,58,538","3,60,371","3,60,363","3,61,566","3,59,590","3,63,260","3,63,382","3,64,560","3,64,304","3,64,795","3,65,372","3,65,988","3,64,900","3,65,966","3,66,385","3,67,085","3,65,571","3,69,746","3,69,679","3,69,499","3,70,078","3,69,431","3,69,753","3,70,819","3,70,225","3,71,382","3,71,645","3,73,161","3,72,460","3,76,635","3,78,131","3,79,335","3,87,170","3,87,622","3,89,503","3,90,934","3,89,421","3,92,710","3,93,401","3,95,309","3,95,114","3,98,988","4,00,683","4,03,740","4,12,922","4,20,177","4,27,690","4,28,549","4,17,614","4,11,635","4,11,967","4,15,221","4,14,682","4,19,438","4,27,162","4,31,835","4,30,795","4,29,159","4,30,005","4,29,141","4,28,245","4,28,757","4,27,839","4,30,049","4,27,589","4,31,742","4,33,392","4,34,518","4,33,196","4,34,916","4,35,505","4,35,564"
"Support to doctors, nurses & midwives","2,68,874","2,69,134","2,69,528","2,69,237","2,70,582","2,71,187","2,71,319","2,70,983","2,70,532","2,70,804","2,70,802","2,70,501","2,70,747","2,70,192","2,69,534","2,68,176","2,68,683","2,68,623","2,67,801","2,65,402","2,64,800","2,64,441","2,62,943","2,62,145","2,61,922","2,61,247","2,60,678","2,59,246","2,60,076","2,57,522","2,56,979","2,56,640","2,55,117","2,54,689","2,55,404","2,54,694","2,55,021","2,55,159","2,55,455","2,55,200","2,56,183","2,56,582","2,56,465","2,56,374","2,56,219","2,56,682","2,57,162","2,57,178","2,59,002","2,58,174","2,57,969","2,58,187","2,60,288","2,61,205","2,62,011","2,62,289","2,62,248","2,63,118","2,63,663","2,63,159","2,65,590","2,64,675","2,65,398","2,65,278","2,67,224","2,67,905","2,68,563","2,68,733","2,68,454","2,69,624","2,69,929","2,70,165","2,72,588","2,72,608","2,73,871","2,73,087","2,75,454","2,77,359","2,77,676","2,77,470","2,78,067","2,78,384","2,78,454","2,78,650","2,80,224","2,79,790","2,80,758","2,79,350","2,82,225","2,82,676","2,83,213","2,83,096","2,83,601","2,83,884","2,84,306","2,83,578","2,84,513","2,84,314","2,84,612","2,83,463","2,86,610","2,86,365","2,86,312","2,86,827","2,86,273","2,86,202","2,86,936","2,86,464","2,87,500","2,87,240","2,88,423","2,88,200","2,91,118","2,92,251","2,93,391","2,94,289","2,94,607","2,96,275","2,97,332","2,97,100","2,99,166","2,99,136","3,00,240","2,99,936","3,02,713","3,04,051","3,06,261","3,14,750","3,21,523","3,27,302","3,27,633","3,17,840","3,11,349","3,10,205","3,12,373","3,11,942","3,15,175","3,21,216","3,24,906","3,23,707","3,22,120","3,22,542","3,21,605","3,20,689","3,20,640","3,19,482","3,20,976","3,18,966","3,21,178","3,22,105","3,22,845","3,21,819","3,23,412","3,24,063","3,24,003"
Support to ambulance staff,"14,159","14,193","14,344","14,285","14,380","14,556","14,488","14,413","14,423","14,424","14,472","14,513","14,563","14,573","14,634","14,474","14,527","14,391","14,390","14,268","14,216","14,174","14,106","14,127","14,043","14,027","13,980","13,799","13,770","13,767","13,678","13,656","13,666","13,642","13,241","13,233","13,249","13,452","13,450","13,346","13,631","13,717","13,775","13,539","13,501","13,696","13,753","13,701","13,898","13,826","14,117","13,897","14,144","14,119","14,123","14,304","14,282","14,395","14,392","14,499","14,687","14,918","14,975","14,944","15,234","15,359","15,498","15,264","15,701","15,910","15,933","15,845","15,969","15,785","15,982","15,697","15,885","15,988","15,886","15,805","15,732","15,659","15,996","16,242","16,465","16,534","16,569","16,308","16,442","16,365","16,465","16,351","16,360","16,247","16,198","16,105","16,152","16,472","16,519","16,263","16,621","16,776","16,581","16,621","16,491","16,566","16,646","16,786","16,837","17,066","17,230","17,006","17,354","17,397","17,461","24,056","24,151","24,031","24,111","23,476","23,723","24,270","24,577","24,496","24,649","24,676","24,928","25,374","25,600","26,019","26,184","26,206","26,446","26,592","26,743","26,515","26,822","26,918","26,925","27,093","26,924","26,935","26,950","27,014","26,923","27,029","27,083","26,707","27,157","27,260","27,273","27,227","27,316","27,227","27,269"
Support to ST&T staff,"58,784","59,345","59,710","59,688","60,066","60,184","60,423","60,560","60,570","60,521","60,378","60,409","60,568","60,527","60,768","60,738","60,882","60,843","60,774","60,040","60,108","60,077","59,617","59,424","59,399","59,383","59,433","59,146","59,303","58,697","58,500","58,680","58,285","58,078","57,946","57,761","57,500","57,569","57,716","57,714","58,071","58,010","58,004","58,054","57,935","57,812","57,893","57,699","58,031","57,884","58,931","59,051","59,593","59,986","60,569","60,982","60,846","60,720","60,658","60,526","60,934","60,549","60,785","60,890","61,180","61,290","61,505","61,340","61,249","61,613","61,592","61,463","61,982","62,156","62,541","62,318","62,772","62,948","63,100","63,434","63,521","64,086","64,185","64,098","64,154","64,519","64,711","64,387","65,064","64,821","65,351","65,327","65,302","65,687","65,930","65,661","65,748","66,039","66,387","66,275","66,974","66,986","67,052","67,067","67,081","67,409","67,665","67,398","67,458","67,760","67,925","67,670","68,581","68,890","68,888","69,216","69,247","69,576","69,873","69,221","70,207","70,376","70,860","71,058","72,018","72,348","72,952","73,196","73,445","74,781","75,144","73,959","74,227","75,546","76,483","76,588","77,826","79,426","80,409","80,376","80,510","80,914","80,971","80,925","81,574","81,711","82,366","82,290","83,812","84,424","84,797","84,534","84,574","84,597","84,661"
,,,,,,,,,,,,,,,,,,,,,,,,,,,,,,,,,,,,,,,,,,,,,,,,,,,,,,,,,,,,,,,,,,,,,,,,,,,,,,,,,,,,,,,,,,,,,,,,,,,,,,,,,,,,,,,,,,,,,,,,,,,,,,,,,,,,,,,,,,,,,,,,,,,,,,,,,,,
NHS infrastructure support,"2,15,502","2,16,512","2,18,304","2,18,353","2,19,056","2,18,325","2,19,112","2,18,365","2,17,663","2,17,374","2,16,112","2,15,700","2,14,414","2,13,755","2,13,463","2,12,269","2,10,801","2,09,858","2,08,945","2,06,061","2,05,204","2,04,374","2,03,466","2,02,753","2,01,939","2,01,653","2,01,375","2,00,980","2,01,043","1,99,147","1,98,852","1,97,535","1,96,198","1,95,870","1,95,779","1,95,715","1,95,223","1,94,446","1,94,843","1,94,335","1,95,189","1,95,529","1,94,750","1,76,331","1,76,123","1,76,245","1,76,625","1,76,358","1,77,311","1,77,261","1,77,843","1,78,257","1,79,186","1,79,177","1,79,419","1,79,127","1,78,682","1,79,006","1,77,644","1,77,670","1,78,704","1,78,903","1,79,202","1,79,288","1,79,739","1,80,196","1,80,839","1,80,722","1,80,329","1,80,840","1,80,863","1,80,583","1,81,961","1,81,842","1,82,723","1,82,527","1,83,409","1,82,953","1,83,069","1,82,827","1,84,971","1,84,855","1,84,842","1,85,254","1,85,620","1,86,056","1,86,224","1,86,005","1,87,096","1,87,275","1,87,617","1,88,218","1,88,832","1,89,032","1,89,267","1,88,083","1,88,320","1,89,192","1,90,328","1,90,096","1,91,052","1,91,561","1,91,619","1,92,180","1,92,312","1,92,754","1,93,607","1,94,857","1,95,808","1,97,704","1,98,711","1,98,748","2,00,098","2,00,405","2,00,478","2,01,932","2,01,787","2,01,834","2,03,121","2,03,549","2,04,609","2,05,372","2,05,831","2,05,879","2,07,119","2,07,721","2,08,544","2,08,617","2,08,482","2,09,166","2,09,555","2,09,635","2,10,858","2,11,041","2,12,061","2,12,658","2,14,116","2,15,707","2,17,275","2,17,621","2,18,134","2,19,390","2,19,536","2,20,402","2,20,960","2,20,751","2,22,374","2,22,346","2,23,905","2,24,063","2,24,876","2,25,193","2,26,220","2,27,146","2,28,077"
Central functions,"1,02,682","1,03,113","1,04,083","1,04,065","1,04,795","1,04,690","1,05,307","1,05,348","1,05,244","1,05,447","1,04,782","1,04,996","1,04,306","1,04,365","1,04,248","1,03,698","1,02,800","1,02,333","1,01,673","99,613","98,996","98,457","97,992","97,695","97,329","97,006","96,759","96,774","96,742","96,011","95,861","95,156","94,486","94,318","94,101","93,870","93,745","93,338","93,222","93,099","93,469","93,729","93,626","82,087","82,061","82,057","82,569","82,367","83,060","83,120","83,428","83,550","84,118","84,188","84,341","84,054","83,901","84,092","84,079","84,035","84,738","84,957","85,150","85,230","85,597","85,796","86,222","86,191","86,079","86,298","86,476","86,605","87,228","86,989","87,669","87,569","88,116","87,582","87,630","87,467","87,434","87,234","87,285","87,567","87,662","88,071","88,539","88,507","89,126","89,294","89,523","89,108","89,302","89,450","89,610","89,316","89,376","89,890","90,345","90,245","91,014","91,347","91,435","91,512","91,602","91,876","92,266","92,536","92,968","93,706","94,128","94,091","94,829","94,984","95,110","96,184","96,192","96,378","97,364","97,447","98,032","99,116","99,864","1,00,420","1,01,423","1,01,963","1,02,416","1,02,278","1,02,472","1,02,968","1,03,370","1,03,496","1,03,928","1,04,085","1,04,758","1,05,046","1,05,987","1,06,883","1,07,867","1,08,149","1,08,489","1,09,230","1,09,381","1,10,028","1,10,633","1,10,625","1,11,715","1,11,723","1,12,843","1,13,125","1,13,655","1,13,326","1,13,917","1,14,555","1,15,327"
"Hotel, property & estates","73,779","74,044","74,710","74,551","74,484","73,797","73,971","74,015","73,751","73,416","73,414","73,680","73,570","73,487","73,343","72,961","72,711","72,476","72,440","72,284","72,164","72,018","71,725","71,465","71,088","71,214","71,279","70,966","71,080","70,169","70,144","69,886","69,427","69,254","69,382","69,484","69,111","68,815","69,299","69,006","69,394","69,478","68,857","67,136","67,027","67,036","66,765","66,644","66,648","66,553","66,636","66,724","66,949","66,795","66,727","66,688","66,446","66,405","64,978","64,890","64,954","64,608","64,526","64,393","64,330","64,447","64,538","64,288","64,126","64,225","63,986","63,365","63,900","63,905","63,835","63,633","63,755","64,081","64,049","64,100","66,163","66,086","66,054","65,999","66,005","65,891","65,636","65,416","65,704","65,623","65,638","66,492","66,682","66,710","66,680","65,613","65,601","65,760","66,294","66,085","66,174","66,269","66,187","66,601","66,608","66,655","66,890","67,704","67,919","68,730","69,233","69,215","69,433","69,462","69,285","69,744","69,593","69,341","69,668","69,829","70,105","70,752","70,986","70,944","71,230","71,392","71,603","71,840","71,690","71,982","72,121","72,062","72,715","72,711","72,937","73,141","73,392","73,983","74,414","74,548","74,548","74,951","74,816","74,904","74,675","74,197","74,334","74,275","74,402","74,170","74,368","74,989","75,226","75,320","75,333"
Senior managers,"12,322","12,437","12,558","12,636","12,681","12,744","12,764","12,363","12,130","12,081","11,793","11,571","11,485","11,366","11,355","11,255","11,178","11,154","11,100","10,845","10,795","10,767","10,584","10,476","10,467","10,403","10,384","10,360","10,301","10,267","10,285","10,193","10,184","10,191","10,230","10,230","10,203","10,126","10,095","10,071","10,121","10,095","10,110","8,545","8,484","8,533","8,583","8,600","8,672","8,692","8,741","8,834","8,902","8,919","8,929","9,005","9,027","9,075","9,110","9,158","9,243","9,277","9,322","9,349","9,388","9,431","9,455","9,502","9,483","9,539","9,542","9,635","9,733","9,754","9,825","9,850","9,961","9,949","9,983","9,954","9,971","9,998","9,985","10,114","10,117","10,292","10,328","10,376","10,405","10,405","10,449","10,513","10,614","10,662","10,619","10,755","10,786","10,791","10,786","10,796","10,760","10,769","10,743","10,634","10,691","10,682","10,740","10,775","10,861","10,987","11,018","11,087","11,196","11,334","11,380","11,335","11,335","11,369","11,389","11,351","11,430","11,383","11,438","11,518","11,566","11,544","11,681","11,663","11,686","11,639","11,698","11,735","11,820","11,850","11,995","12,042","12,137","12,235","12,349","12,260","12,351","12,442","12,452","12,529","12,611","12,711","12,836","12,865","13,029","12,977","12,973","12,959","13,014","13,020","12,937"
Managers,"26,922","27,115","27,159","27,300","27,290","27,289","27,261","26,828","26,729","26,615","26,300","25,634","25,233","24,707","24,685","24,514","24,282","24,070","23,914","23,481","23,412","23,302","23,340","23,291","23,238","23,206","23,133","23,061","23,102","22,883","22,738","22,468","22,271","22,274","22,233","22,300","22,327","22,338","22,393","22,319","22,382","22,393","22,319","18,694","18,678","18,740","18,843","18,872","19,070","19,041","19,187","19,294","19,372","19,431","19,570","19,519","19,448","19,576","19,615","19,722","19,911","20,199","20,353","20,457","20,564","20,661","20,766","20,878","20,765","20,897","20,974","21,097","21,219","21,321","21,531","21,606","21,708","21,479","21,540","21,434","21,535","21,675","21,658","21,709","21,972","21,936","21,853","21,837","21,996","22,084","22,139","22,235","22,373","22,345","22,497","22,540","22,697","22,894","23,041","23,107","23,247","23,316","23,398","23,587","23,555","23,677","23,852","23,986","24,202","24,426","24,478","24,492","24,788","24,769","24,839","24,811","24,806","24,878","24,832","25,064","25,196","24,273","23,696","23,155","23,052","22,970","23,000","22,995","22,784","22,725","22,501","22,475","22,530","22,537","22,519","22,585","22,758","22,766","22,823","22,829","22,905","22,924","23,042","23,097","23,212","23,380","23,665","23,655","23,812","23,976","24,067","24,104","24,256","24,434","24,651"
,,,,,,,,,,,,,,,,,,,,,,,,,,,,,,,,,,,,,,,,,,,,,,,,,,,,,,,,,,,,,,,,,,,,,,,,,,,,,,,,,,,,,,,,,,,,,,,,,,,,,,,,,,,,,,,,,,,,,,,,,,,,,,,,,,,,,,,,,,,,,,,,,,,,,,,,,,,
Other staff or those with unknown classification,"4,906","4,770","4,597","4,476","4,532","4,505","4,541","4,411","4,248","4,178","4,069","3,995","4,307","4,215","4,076","3,971","4,058","4,114","4,109","3,940","3,882","3,870","3,813","3,835","4,228","4,094","3,939","3,830","3,825","3,831","3,826","3,764","3,673","3,586","3,614","3,598","4,002","3,858","3,836","3,779","3,840","3,848","3,821","3,784","3,664","3,609","3,528","3,438","3,896","3,768","3,705","3,662","3,697","3,690","3,754","3,754","3,680","3,952","3,936","3,713","4,240","4,149","3,979","3,852","3,866","3,900","3,856","3,858","3,808","3,848","3,842","3,803","4,291","4,247","4,343","4,265","4,344","4,312","4,301","4,307","4,291","4,248","4,244","4,274","4,653","4,716","4,725","4,451","4,693","4,998","4,671","4,569","4,557","4,458","4,434","4,466","4,798","4,802","4,729","4,664","4,856","4,827","4,871","4,952","4,909","4,761","4,831","4,773","5,043","5,022","4,985","4,828","4,834","4,818","4,647","4,073","3,629","3,345","3,200","2,798","2,843","2,608","2,520","2,447","2,427","2,509","2,285","2,339","2,263","2,284","2,092","2,095","2,064",743,798,840,845,907,988,980,939,916,813,793,791,692,693,529,484,490,482,477,491,508,486